Zulu	-ana	Suffix	# {{non-gloss definition|Diminutive suffix, used to derive a noun meaning something smaller or younger, or a small amount.}}
Zulu	-ni	Pronoun	# [[what]]
Zulu	-ni	Adjective	# {{rfexample|zu}} [[what]] (kind of)
Zulu	a-	Prefix	# [[they]] {{gloss|class 6}}
Zulu	a-	Prefix	# [[of]] {{gloss|class 6}}
Zulu	a-	Prefix	# {{non-gloss definition|Class 6 relative concord.}}
Zulu	aba-	Prefix	# {{non-gloss definition|Class 2 noun prefix.}}
Zulu	aba-	Prefix	# {{non-gloss definition|Class 2 adjective concord.}}
Zulu	aba-	Prefix	# {{non-gloss definition|Class 2 relative concord.}}
Zulu	abaThembu	Noun	# {{zu-plural of|umThembu}}
Zulu	abaThwa	Noun	# {{zu-plural of|umuThwa}}
Zulu	abafana	Noun	# {{zu-plural of|umfana}}
Zulu	abafazi	Noun	# {{zu-plural of|umfazi}}
Zulu	abalisa	Noun	# {{zu-plural of|umlisa}}
Zulu	abantu	Noun	# {{zu-plural of|umuntu}}
Zulu	abantwana	Noun	# {{zu-plural of|umntwana}}
Zulu	abayeni	Noun	# {{zu-plural of|umyeni}}
Zulu	abe-	Prefix	# {{non-gloss definition|Class 2 noun prefix.}}
Zulu	abeSuthu	Noun	# {{zu-plural of|umSuthu}}
Zulu	abelungu	Noun	# {{zu-plural of|umlungu}}
Zulu	abenzi	Noun	# {{zu-plural of|umenzi}}
Zulu	ama-	Prefix	# {{non-gloss definition|Class 6 noun prefix.}}
Zulu	ama-	Prefix	# {{non-gloss definition|Class 6 adjective concord.}}
Zulu	amaSonto	Noun	# {{zu-plural of|iSonto}}
Zulu	amaZulu	Noun	# {{zu-plural of|umZulu}}
Zulu	amabele	Noun	# {{zu-plural of|ibele}}
Zulu	amabhubesi	Noun	# {{zu-plural of|ibhubesi}}
Zulu	amabizo	Noun	# {{zu-plural of|ibizo}}
Zulu	amacebo	Noun	# {{zu-plural of|icebo}}
Zulu	amachibi	Noun	# {{zu-plural of|ichibi}}
Zulu	amadoda	Noun	# {{zu-plural of|indoda}}
Zulu	amadolo	Noun	# {{zu-plural of|idolo}}
Zulu	amafu	Noun	# {{zu-plural of|ifu}}
Zulu	amafu	Noun	# {{context|plurale tantum|lang=zu}} [[sky]]
Zulu	amafutha	Noun	# [[fat]], [[grease]]
Zulu	amafutha	Noun	# [[oil]], liquid fat
Zulu	amafutha	Noun	# [[fuel]]
Zulu	amagama	Noun	# {{zu-plural of|igama}}
Zulu	amagazi	Noun	# {{zu-plural of|igazi}}
Zulu	amagola	Noun	# {{zu-plural of|igola}}
Zulu	amagxolo	Noun	# {{zu-plural of|igxolo}}
Zulu	amahlathi	Noun	# {{zu-plural of|ihlathi}}
Zulu	amakati	Noun	# {{zu-plural of|ikati}}
Zulu	amakhala	Noun	# {{zu-plural of|ikhala}}
Zulu	amakhanda	Noun	# {{zu-plural of|ikhanda}}
Zulu	amakhasi	Noun	# {{zu-plural of|ikhasi}}
Zulu	amakhosazana	Noun	# {{zu-plural of|inkosazana}}
Zulu	amakhosi	Noun	# {{zu-plural of|inkosi}}
Zulu	amakhosikazi	Noun	# {{zu-plural of|inkosikazi}}
Zulu	amakhulu	Noun	# {{zu-plural of|ikhulu}}
Zulu	amakwindla	Noun	# {{zu-plural of|ikwindla}}
Zulu	amalanga	Noun	# {{zu-plural of|ilanga}}
Zulu	amalobolo	Noun	# {{zu-plural of|ilobolo}}
Zulu	amangobe	Noun	# {{zu-plural of|ingobe}}
Zulu	amanzi	Noun	# [[water]]
Zulu	amaphiko	Noun	# {{zu-plural of|iphiko}}
Zulu	amaqabi	Noun	# {{zu-plural of|iqabi}}
Zulu	amaqanda	Noun	# {{zu-plural of|iqanda}}
Zulu	amaqhwa	Noun	# {{zu-plural of|iqhwa}}
Zulu	amaresiphi	Noun	# {{zu-plural of|iresiphi}}
Zulu	amasi	Noun	# [[sour]] [[milk]]
Zulu	amasonto	Noun	# {{zu-plural of|isonto}}
Zulu	amasu	Noun	# {{zu-plural of|isu}}
Zulu	amathambo	Noun	# {{zu-plural of|ithambo}}
Zulu	amathumbu	Noun	# {{zu-plural of|ithumbu}}
Zulu	amatshe	Noun	# {{zu-plural of|itshe}}
Zulu	amaxolo	Noun	# {{zu-plural of|ixolo}}
Zulu	amazinyo	Noun	# {{zu-plural of|izinyo}}
Zulu	amazipho	Noun	# {{zu-plural of|izipho}}
Zulu	amehlo	Noun	# {{zu-plural of|iso}}
Zulu	amehlo	Noun	# {{zu-plural of|ihlo}}
Zulu	azi	Verb	# {{context|transitive|lang=zu}} to [[know]]
Zulu	azi	Verb	# {{context|auxiliary|lang=zu}} to know [[how]] to, to [[be able]] to
Zulu	ba-	Prefix	# {{form of|Basic (augmentless) form|aba-|lang=zu}}
Zulu	ba-	Prefix	# [[they]] {{gloss|class 2}}
Zulu	ba-	Prefix	# [[they]] {{gloss|class 2}}
Zulu	ba-	Prefix	# [[of]] {{gloss|class 2, class 14}}
Zulu	banzi	Relative	# [[wide]], [[broad]]
Zulu	be-	Prefix	# {{form of|Basic (augmentless) form|abe-|lang=zu}}
Zulu	bhukuda	Verb	# {{context|intransitive|lang=zu}} to [[swim]]
Zulu	biza	Verb	# {{context|transitive|lang=zu}} to [[call]]
Zulu	biza	Verb	# {{context|transitive|lang=zu}} to [[mention]], to [[name]]
Zulu	biza	Verb	# {{context|transitive|lang=zu}} to [[summon]], to call [[together]]
Zulu	biza	Verb	# {{context|transitive|lang=zu}} to [[call for]] (something), to [[order]] {{gloss|place an order for}}
Zulu	biza	Verb	# {{context|transitive|lang=zu}} to [[charge]] (as payment)
Zulu	biza	Verb	# {{context|transitive|lang=zu}} to [[cost]]
Zulu	biza	Verb	# {{context|intransitive|lang=zu}} to be [[expensive]]
Zulu	bo	Pronoun	# {{zu-combining stem of|bona}}
Zulu	bo-	Prefix	# {{form of|Basic (augmentless) form|o-|lang=zu}}
Zulu	bona	Pronoun	# [[they]], [[them]] {{gloss|class 2}}
Zulu	bona	Pronoun	# [[it]] {{gloss|class 14}}
Zulu	bona	Verb	# {{context|transitive|lang=zu}} to [[see]]
Zulu	bona	Verb	# {{context|transitive|lang=zu}} to [[understand]], to [[comprehend]]
Zulu	bona	Verb	# {{context|transitive|lang=zu}} to [[recognise]]
Zulu	bona	Verb	# {{context|transitive|lang=zu}} to [[seek out]], to [[visit]]
Zulu	bonga	Verb	# {{context|transitive|lang=zu}} to [[thank]]
Zulu	bonga	Verb	# {{context|transitive|lang=zu}} to [[praise]], to [[laud]]
Zulu	bonga	Verb	# {{context|transitive|lang=zu}} to [[recognise]], to show [[appreciation]] for
Zulu	bu-	Prefix	# {{form of|Basic (augmentless) form|ubu-|lang=zu}}
Zulu	bu-	Prefix	# [[it]] {{gloss|class 14}}
Zulu	bu-	Prefix	# [[it]] {{gloss|class 14}}
Zulu	bulala	Verb	# {{context|transitive|lang=zu}} to [[kill]], to [[murder]]
Zulu	cabanga	Verb	# {{context|intransitive|lang=zu}} to [[think]]
Zulu	cabanga	Verb	# {{context|transitive|lang=zu}} to [[consider]], to [[think]] [[about]]
Zulu	cabanga	Verb	# {{context|intransitive|lang=zu}} to [[suppose]], to [[believe]]
Zulu	cabanga	Verb	# {{context|transitive|and|intransitive|lang=zu}} to [[imagine]]
Zulu	cambalala	Verb	# {{context|intransitive|lang=zu}} to [[lie]] [[down]], to [[recline]]
Zulu	dabula	Verb	# {{context|transitive|lang=zu}} to [[tear]]
Zulu	dabula	Verb	# {{context|transitive|lang=zu}} to [[split]], to [[cleave]]
Zulu	de	Adjective	# [[long]]
Zulu	de	Adjective	# [[tall]], [[high]]
Zulu	dla	Verb	# {{context|transitive|and|intransitive|lang=zu}} to [[eat]]
Zulu	dla	Verb	# {{context|transitive|and|intransitive|lang=zu}} to [[drink]]
Zulu	dla	Verb	# {{context|transitive|lang=zu}} to [[consume]] (generally)
Zulu	dla	Verb	# {{context|transitive|lang=zu}} to [[corrode]], to cause to [[rust]]
Zulu	doda	Verb	# {{context|intransitive|lang=zu}} to be a [[man]], to act like a man
Zulu	e-	Prefix	# {{non-gloss definition|Class 4 and 9 relative concord.}}
Zulu	eGoli	Phrase	# It means "place of [[w:gold|gold]]" in [[w:isiZulu|isiZulu]], referring to the fact that 40 percent of the world's known gold reserves have been found in the area and many Zulu men went to work in the region on [[w:mine|mine]]s.
Zulu	eGoli	Proper noun	# [[w:Johannesburg|Johannesburg, South Africa]]
Zulu	eThekwini	Phrase	# at the harbor
Zulu	eThekwini	Proper noun	# [[w:Durban|Durban, South Africa]]
Zulu	eli-	Prefix	# {{non-gloss definition|Class 5 adjective concord.}}
Zulu	eli-	Prefix	# {{non-gloss definition|Class 5 relative concord.}}
Zulu	em-	Prefix	# {{non-gloss definition|Class 9 adjective concord.}}
Zulu	emi-	Prefix	# {{non-gloss definition|Class 4 adjective concord.}}
Zulu	en-	Prefix	# {{non-gloss definition|Class 9 adjective concord.}}
Zulu	engi-	Prefix	# {{non-gloss definition|First-person singular relative concord.}}
Zulu	engim-	Prefix	# {{non-gloss definition|First-person singular adjective concord.}}
Zulu	engimu-	Prefix	# {{non-gloss definition|First-person singular adjective concord.}}
Zulu	eni-	Prefix	# {{non-gloss definition|Second-person plural relative concord.}}
Zulu	eniba-	Prefix	# {{non-gloss definition|Second-person plural adjective concord.}}
Zulu	esaba	Verb	# {{context|transitive|lang=zu}} to [[fear]], to be [[afraid]]/[[scared]] of
Zulu	esaba	Verb	# {{context|intransitive|lang=zu}} to be [[afraid]]/[[scared]]/[[frightened]]
Zulu	esaba	Verb	# {{context|transitive|lang=zu}} to [[respect]], to have respect for
Zulu	esi-	Prefix	# {{non-gloss definition|First-person plural relative concord.}}
Zulu	esi-	Prefix	# {{non-gloss definition|Class 7 relative concord.}}
Zulu	esi-	Prefix	# {{non-gloss definition|Class 7 adjective concord.}}
Zulu	esiba-	Prefix	# {{non-gloss definition|First-person plural adjective concord.}}
Zulu	ezi-	Prefix	# {{non-gloss definition|Class 8 adjective concord.}}
Zulu	ezi-	Prefix	# {{non-gloss definition|Class 8 and 10 relative concord.}}
Zulu	ezim-	Prefix	# {{non-gloss definition|Class 10 adjective concord.}}
Zulu	ezin-	Prefix	# {{non-gloss definition|Class 10 adjective concord.}}
Zulu	fa	Verb	# {{context|intransitive|lang=zu}} to [[die]]
Zulu	fisa	Verb	# {{context|transitive|lang=zu}} to [[wish]] for, to [[desire]]
Zulu	fisa	Verb	# {{context|transitive|lang=zu}} to [[long]] for
Zulu	fisa	Verb	# {{context|transitive|lang=zu}} to [[kill]], to cause to [[die]]
Zulu	fuphi	Adjective	# [[short]]
Zulu	fuphi	Adjective	# [[brief]], [[concise]]
Zulu	guquka	Verb	# {{context|transitive|and|intransitive|lang=zu}} to [[change]], to [[alter]]
Zulu	guquka	Verb	# {{context|transitive|and|intransitive|lang=zu}} to [[reform]]
Zulu	guquka	Verb	# {{context|transitive|and|intransitive|lang=zu}} to [[turn]] (around)
Zulu	gwaza	Verb	# {{context|transitive|lang=zu}} to [[stab]]
Zulu	gwaza	Verb	# {{context|transitive|lang=zu}} to [[slaughter]]
Zulu	hamba	Verb	# {{context|intransitive|lang=zu}} to [[go]], to [[walk]], to [[move]]
Zulu	hamba	Verb	# {{context|intransitive|lang=zu}} to [[travel]]
Zulu	hamba	Verb	# {{context|transitive|and|intransitive|lang=zu}} to [[ride]], to go by (a [[vehicle]])
Zulu	hamba	Verb	# {{context|intransitive|lang=zu}} to [[leave]], to [[depart]]
Zulu	hamba	Verb	# {{context|intransitive|lang=zu}} to [[go on]], to keep going, to [[proceed]]
Zulu	hamba	Verb	# {{context|intransitive|lang=zu}} to [[work]], to [[function]], to [[operate]]
Zulu	hamba kahle	Interjection	# [[goodbye]] (literally, "go well")
Zulu	hlala	Verb	# {{context|intransitive|lang=zu}} to [[live]], to [[reside]], to [[dwell]]
Zulu	hlala	Verb	# {{context|intransitive|lang=zu}} to [[sit]] [[down]], to [[seat]] oneself
Zulu	hleka	Verb	# {{context|intransitive|lang=zu}} to [[laugh]]
Zulu	hleka	Verb	# {{context|transitive|lang=zu}} to [[laugh]] at
Zulu	i-	Prefix	# {{non-gloss definition|Class 5 noun prefix.}}
Zulu	i-	Prefix	# [[they]] {{gloss|class 4}}
Zulu	i-	Prefix	# [[he]], [[she]], [[it]] {{gloss|class 9}}
Zulu	iSonto	Noun	# [[Sunday]]
Zulu	ibele	Noun	# [[breast]]
Zulu	ibele	Noun	# [[udder]]
Zulu	ibhubesi	Noun	# [[lion]]
Zulu	ibizo	Noun	# [[title]], [[name]]
Zulu	ibizo	Noun	# {{context|part of speech|lang=zu}} [[noun]]
Zulu	icebo	Noun	# [[means]], [[method]]
Zulu	icebo	Noun	# [[plan]] of action, [[scheme]], [[strategy]]
Zulu	ichibi	Noun	# [[lake]], [[pond]], [[pool]]
Zulu	idolo	Noun	# [[knee]]
Zulu	ifu	Noun	# [[cloud]]
Zulu	ifu	Noun	# {{context|in the plural|lang=zu}} [[sky]]
Zulu	igama	Noun	# [[name]]
Zulu	igama	Noun	# [[word]]
Zulu	igazi	Noun	# [[blood]]
Zulu	igola	Noun	# [[wildcat]]
Zulu	igxolo	Noun	# [[bark]] {{gloss|of a tree}}
Zulu	ihlathi	Noun	# [[forest]]
Zulu	ihlo	Noun	# {{context|archaic|lang=zu}} [[eye]]
Zulu	ikati	Noun	# [[cat]] {{gloss|domestic}}
Zulu	ikhala	Noun	# [[nose]]
Zulu	ikhala	Noun	# [[nostril]]
Zulu	ikhanda	Noun	# [[head]] {{gloss|top part of the body}}
Zulu	ikhanda	Noun	# [[headache]]
Zulu	ikhasi	Noun	# [[leaf]] {{gloss|of a plant}}
Zulu	ikhasi	Noun	# [[skin]] {{gloss|of a fruit}}
Zulu	ikhasi	Noun	# [[page]] {{gloss|of a book}}
Zulu	ikhulu	Noun	# [[hundred]]
Zulu	ikwindla	Noun	# [[autumn]], [[fall]]
Zulu	ilanga	Noun	# [[sun]]
Zulu	ilanga	Noun	# [[day]], [[daytime]]
Zulu	ili-	Prefix	# {{context|archaic|lang=zu}} {{non-gloss definition|Class 5 noun prefix.}}
Zulu	ilobolo	Noun	# [[dowry]], [[lobola]]
Zulu	im-	Prefix	# {{non-gloss definition|Class 9 noun prefix.}}
Zulu	imamba	Noun	# [[mamba]]
Zulu	imbali	Noun	# [[flower]], [[blossom]]
Zulu	imbasa	Noun	# {{context|astronomy|lang=zu}} [[star]]
Zulu	imbewu	Noun	# [[seed]]
Zulu	imbizo	Noun	# [[assembly]], [[gathering]]
Zulu	imbube	Noun	# [[lion]]
Zulu	imbuzi	Noun	# [[goat]]
Zulu	imenzi	Noun	# {{zu-plural of|umenzi}}
Zulu	imi-	Prefix	# {{non-gloss definition|Class 4 noun prefix.}}
Zulu	imiGqibelo	Noun	# {{zu-plural of|uMgqibelo}}
Zulu	imiSombuluko	Noun	# {{zu-plural of|uMsombuluko}}
Zulu	imifula	Noun	# {{zu-plural of|umfula}}
Zulu	imigwaqana	Noun	# {{zu-plural of|umgwaqana}}
Zulu	imigwaqo	Noun	# {{zu-plural of|umgwaqo}}
Zulu	imihla	Noun	# {{zu-plural of|umuhla}}
Zulu	imihlaba	Noun	# {{zu-plural of|umhlaba}}
Zulu	imihlane	Noun	# {{zu-plural of|umhlane}}
Zulu	imilenze	Noun	# {{zu-plural of|umlenze}}
Zulu	imililo	Noun	# {{zu-plural of|umlilo}}
Zulu	imilomo	Noun	# {{zu-plural of|umlomo}}
Zulu	imimba	Noun	# {{zu-plural of|umumba}}
Zulu	imini	Noun	# [[daytime]]
Zulu	imini	Noun	# [[midday]], [[noon]]
Zulu	iminyaka	Noun	# {{zu-plural of|unyaka}}
Zulu	imisila	Noun	# {{zu-plural of|umsila}}
Zulu	imisuka	Noun	# {{zu-plural of|umsuka}}
Zulu	imisundu	Noun	# {{zu-plural of|umsundu}}
Zulu	imithi	Noun	# {{zu-plural of|umuthi}}
Zulu	impala	Noun	# [[#English|impala]]
Zulu	impande	Noun	# [[root]] {{gloss|of a plant}}
Zulu	impi	Noun	# [[war]], [[battle]]
Zulu	impi	Noun	# [[army]]
Zulu	impondo	Noun	# {{rfdef|lang=zu}}
Zulu	impumulo	Noun	# [[snout]], [[nose]] of an [[animal]]
Zulu	imvula	Noun	# [[rain]]
Zulu	imvula	Noun	# [[forerunner]], [[precursor]], [[foreshadowing]]
Zulu	imvula	Noun	# [[advance]] [[payment]]
Zulu	in-	Prefix	# {{non-gloss definition|Class 9 noun prefix.}}
Zulu	incwala	Noun	# [[first fruits]] of the season; a [[ceremony]] that marks the first fruits of the harvest
Zulu	indaba	Noun	# [[matter]], [[issue]], [[affair]]
Zulu	indaba	Noun	# piece of [[news]]
Zulu	indaba	Noun	# [[story]]
Zulu	indle	Noun	# [[wild]], [[wilderness]]
Zulu	indlebe	Noun	# [[ear]]
Zulu	indlovu	Noun	# [[elephant]]
Zulu	indlu	Noun	# [[house]]
Zulu	indoda	Noun	# [[man]] {{gloss|male}}
Zulu	indoda	Noun	# [[husband]]
Zulu	induku	Noun	# [[stick]], [[staff]]
Zulu	induna	Noun	# [[headman]]
Zulu	induna	Noun	# [[male]] [[animal]]
Zulu	ingane	Noun	# [[infant]], [[baby]], small [[child]]
Zulu	inganekwane	Noun	# [[story]], [[tale]]
Zulu	ingobe	Noun	# [[cat]] {{gloss|domestic}}
Zulu	ingonyama	Noun	# [[lion]]
Zulu	inhlamvu	Noun	# [[grain]], [[seed]]
Zulu	inhlamvu yeso	Noun	# [[pupil]] {{gloss|of the eye}}
Zulu	inhlanzi	Noun	# [[fish]]
Zulu	inhliziyo	Noun	# [[heart]] {{gloss|organ}}
Zulu	inhliziyo	Noun	# [[heart]] {{gloss|place of emotion}}
Zulu	inhliziyo	Noun	# [[temper]], [[disposition]]
Zulu	inhloko	Noun	# [[head]] {{gloss|of an animal}}
Zulu	inhloko	Noun	# [[head]], [[leader]]
Zulu	inhloko	Noun	# {{context|grammar|lang=zu}} [[subject]]
Zulu	inja	Noun	# [[dog]]
Zulu	inja yasendle	Noun	# [[wolf]]
Zulu	inkanyezi	Noun	# {{context|astronomy|lang=zu}} [[star]]
Zulu	inkosazana	Noun	# [[unmarried]] [[woman]]
Zulu	inkosazana	Noun	# [[princess]]
Zulu	inkosi	Noun	# [[chief]], [[king]]
Zulu	inkosikazi	Noun	# [[wife]], [[married]] [[woman]]
Zulu	inkosikazi	Noun	# [[madam]], [[lady]]
Zulu	inkosikazi	Noun	# woman of [[authority]]
Zulu	inkungu	Noun	# [[fog]], [[mist]]
Zulu	insangu	Noun	# [[cannabis]], [[hemp]]
Zulu	intaba	Noun	# [[mountain]], [[hill]]
Zulu	intambo	Noun	# [[rope]], [[cord]]
Zulu	intambo	Noun	# [[string]], [[thread]]
Zulu	intamo	Noun	# [[neck]]
Zulu	intonga	Noun	# [[stick]]
Zulu	intuthu	Noun	# [[smoke]]
Zulu	intwala	Noun	# [[louse]]
Zulu	inu	Pronoun	# {{zu-combining stem of|nina|used with possessive concords}}
Zulu	inyama	Noun	# [[meat]], [[flesh]]
Zulu	inyama	Noun	# [[skin]] {{gloss|of a human}}
Zulu	inyanga	Noun	# [[moon]]
Zulu	inyanga	Noun	# [[month]]
Zulu	inyanga	Noun	# [[traditional]] [[doctor]] or [[healer]]{{attention|zu|Does this sense belong under a separate header/etymology?}}
Zulu	inyoka	Noun	# [[snake]]
Zulu	inyoni	Noun	# [[bird]]
Zulu	inyosi	Noun	# [[bee]]
Zulu	iphiko	Noun	# [[wing]] {{gloss|for flying}}
Zulu	iqabi	Noun	# [[leaf]] {{gloss|of a tree}}
Zulu	iqanda	Noun	# [[egg]]
Zulu	iqanda	Noun	# [[zero]]
Zulu	iqhwa	Noun	# [[ice]]
Zulu	iqhwa	Noun	# [[snow]]
Zulu	iresiphi	Noun	# [[recipe]] {{gloss|for cooking}}
Zulu	isabizwana	Noun	# {{context|part of speech|lang=zu}} [[pronoun]]
Zulu	isandiso	Noun	# {{context|part of speech|lang=zu}} [[adverb]]
Zulu	isandla	Noun	# [[hand]]
Zulu	isandla	Noun	# [[handful]]
Zulu	isandla	Noun	# [[hand]], [[handwriting]]
Zulu	isangoma	Noun	# [[sangoma]], [[witch doctor]], [[diviner]]
Zulu	isenzo	Noun	# {{context|part of speech|lang=zu}} [[verb]]
Zulu	isi-	Prefix	# {{non-gloss definition|Class 7 noun prefix.}}
Zulu	isiZulu	Noun	# the {{l|en|Zulu}} language
Zulu	isibindi	Noun	# [[liver]]
Zulu	isibindi	Noun	# [[courage]]
Zulu	isibungu	Noun	# [[worm]]
Zulu	isigqoko	Noun	# [[hat]]
Zulu	isigqoko	Noun	# [[cap]], [[helmet]]
Zulu	isihlabathi	Noun	# [[sand]]
Zulu	isihlahla	Noun	# [[shrub]], [[bush]]
Zulu	isihlahla	Noun	# [[tree]]
Zulu	isihlalo	Noun	# [[chair]]
Zulu	isihlalo	Noun	# any [[seat]]
Zulu	isihloko	Noun	# [[top]] part, [[head]], [[crown]]
Zulu	isihloko	Noun	# [[foremost]] part, [[point]], [[tip]]
Zulu	isihloko	Noun	# [[topic]], [[subject]] {{gloss|what is being discussed}}
Zulu	isikhala	Noun	# [[opening]], [[gap]]
Zulu	isikhala	Noun	# [[pass]] {{gloss|between mountains}}
Zulu	isikhala	Noun	# [[vacancy]]
Zulu	isikhova	Noun	# [[owl]]
Zulu	isikhulu	Noun	# [[leader]]
Zulu	isikhulu	Noun	# [[noble]]
Zulu	isikhulu	Noun	# [[important]] [[person]]
Zulu	isikhumba	Noun	# [[skin]], [[hide]] {{gloss|of a human or animal}}
Zulu	isikhumba	Noun	# [[leather]]
Zulu	isikova	Noun	# {{alternative spelling of|isikhova|lang=zu}}
Zulu	isilisa	Noun	# [[male]] people, [[menfolk]]
Zulu	isilo	Noun	# wild animal, especially a [[leopard]] or [[lion]]
Zulu	isilo	Noun	# {{non-gloss definition|[[epithet]] of the Zulu king}}
Zulu	isilo	Noun	# [[intestinal]] [[worm]]
Zulu	isilungu	Noun	# [[customs]] or [[language]] of [[white]] people
Zulu	isilwane	Noun	# [[animal]]
Zulu	isingane	Noun	# [[darling]], [[sweetheart]], [[love]] {{gloss|term of endearment}}
Zulu	isintu	Noun	# the [[human race]], [[mankind]]
Zulu	isiphawulo	Noun	# {{context|part of speech|lang=zu}} [[adjective]]
Zulu	isisu	Noun	# [[abdomen]], [[belly]]
Zulu	isisu	Noun	# [[stomach]]
Zulu	isisu	Noun	# [[appetite]]
Zulu	isithelo	Noun	# [[fruit]]
Zulu	isithelo	Noun	# [[product]], [[result]]
Zulu	iso	Noun	# [[eye]]
Zulu	isonto	Noun	# [[week]]
Zulu	isonto	Noun	# [[church]]
Zulu	isu	Noun	# [[means]], [[method]]
Zulu	isu	Noun	# [[plan]] of action, [[scheme]], [[strategy]]
Zulu	isu	Noun	# [[recipe]]
Zulu	ithambo	Noun	# [[bone]]
Zulu	ithu	Pronoun	# {{zu-combining stem of|thina|used with possessive concords}}
Zulu	ithumbu	Noun	# [[bowel]], [[gut]], {{gloss|in plural}} [[intestine]]
Zulu	ithumbu	Noun	# [[tube]], [[pipe]], [[hose]]
Zulu	itshe	Noun	# [[stone]]
Zulu	itswayi	Noun	# [[salt]]
Zulu	ixolo	Noun	# {{alternative form of|igxolo|lang=zu}}
Zulu	izabizwana	Noun	# {{zu-plural of|isabizwana}}
Zulu	izandiso	Noun	# {{zu-plural of|isandiso}}
Zulu	izandla	Noun	# {{zu-plural of|isandla}}
Zulu	izangoma	Noun	# {{zu-plural of|isangoma}}
Zulu	izenzo	Noun	# {{zu-plural of|isenzo}}
Zulu	izi-	Prefix	# {{non-gloss definition|Class 8 noun prefix.}}
Zulu	izibindi	Noun	# {{zu-plural of|isibindi}}
Zulu	izibungu	Noun	# {{zu-plural of|isibungu}}
Zulu	izihlabathi	Noun	# {{zu-plural of|isihlabathi}}
Zulu	izihlahla	Noun	# {{zu-plural of|isihlahla}}
Zulu	izihloko	Noun	# {{zu-plural of|isihloko}}
Zulu	izikhala	Noun	# {{zu-plural of|isikhala}}
Zulu	izikhova	Noun	# {{zu-plural of|isikhova}}
Zulu	izikhulu	Noun	# {{zu-plural of|isikhulu}}
Zulu	izikhumba	Noun	# {{zu-plural of|isikhumba}}
Zulu	izikova	Noun	# {{zu-plural of|isikova}}
Zulu	izilimi	Noun	# {{zu-plural of|ulimi}}
Zulu	izilo	Noun	# {{zu-plural of|isilo}}
Zulu	izilwandle	Noun	# {{zu-plural of|ulwandle}}
Zulu	izilwane	Noun	# {{zu-plural of|isilwane}}
Zulu	izim-	Prefix	# {{non-gloss definition|Class 10 noun prefix.}}
Zulu	izimamba	Noun	# {{zu-plural of|imamba}}
Zulu	izimbali	Noun	# {{zu-plural of|imbali}}
Zulu	izimbasa	Noun	# {{zu-plural of|imbasa}}
Zulu	izimbewu	Noun	# {{zu-plural of|imbewu}}
Zulu	izimbizo	Noun	# {{zu-plural of|imbizo}}
Zulu	izimbube	Noun	# {{zu-plural of|imbube}}
Zulu	izimini	Noun	# {{zu-plural of|imini}}
Zulu	izimpala	Noun	# {{zu-plural of|impala}}
Zulu	izimpande	Noun	# {{zu-plural of|impande}}
Zulu	izimpaphe	Noun	# {{zu-plural of|uphaphe}}
Zulu	izimpi	Noun	# {{zu-plural of|impi}}
Zulu	izimpondo	Noun	# {{zu-plural of|uphondo}}
Zulu	izimpondo	Noun	# {{zu-plural of|impondo}}
Zulu	izimpumulo	Noun	# {{zu-plural of|impumulo}}
Zulu	izimvula	Noun	# {{zu-plural of|imvula}}
Zulu	izin-	Prefix	# {{non-gloss definition|Class 11 noun prefix.}}
Zulu	izindaba	Noun	# {{zu-plural of|indaba}}
Zulu	izindaba	Noun	# {{zu-plural of|udaba}}
Zulu	izindlebe	Noun	# {{zu-plural of|indlebe}}
Zulu	izindlovu	Noun	# {{zu-plural of|indlovu}}
Zulu	izindlu	Noun	# {{zu-plural of|indlu}}
Zulu	izinduku	Noun	# {{zu-plural of|induku}}
Zulu	izinduna	Noun	# {{zu-plural of|induna}}
Zulu	izingane	Noun	# {{zu-plural of|ingane}}
Zulu	izingane	Noun	# {{zu-plural of|isingane}}
Zulu	izinganekwane	Noun	# {{zu-plural of|inganekwane}}
Zulu	izingonyama	Noun	# {{zu-plural of|ingonyama}}
Zulu	izinhlamvu	Noun	# {{zu-plural of|inhlamvu}}
Zulu	izinhlamvu	Noun	# {{zu-plural of|uhlamvu}}
Zulu	izinhlamvu zamehlo	Noun	# {{zu-plural of|inhlamvu yeso}}
Zulu	izinhlanzi	Noun	# {{zu-plural of|inhlanzi}}
Zulu	izinhliziyo	Noun	# {{zu-plural of|inhliziyo}}
Zulu	izinhloko	Noun	# {{zu-plural of|inhloko}}
Zulu	izinja	Noun	# {{zu-plural of|inja}}
Zulu	izinja zasendle	Noun	# {{zu-plural of|inja yasendle}}
Zulu	izinkanyezi	Noun	# {{zu-plural of|inkanyezi}}
Zulu	izinkozi	Noun	# {{zu-plural of|ukhozi}}
Zulu	izinkungu	Noun	# {{zu-plural of|inkungu}}
Zulu	izinkweshe	Noun	# {{zu-plural of|ukhweshe}}
Zulu	izinsana	Noun	# {{zu-plural of|usana}}
Zulu	izinsuku	Noun	# {{zu-plural of|usuku}}
Zulu	izintaba	Noun	# {{zu-plural of|intaba}}
Zulu	izintambo	Noun	# {{zu-plural of|intambo}}
Zulu	izintamo	Noun	# {{zu-plural of|intamo}}
Zulu	izinti	Noun	# {{zu-plural of|uthi}}
Zulu	izintonga	Noun	# {{zu-plural of|intonga}}
Zulu	izintuli	Noun	# {{zu-plural of|uthuli}}
Zulu	izintuthu	Noun	# {{zu-plural of|intuthu}}
Zulu	izintwala	Noun	# {{zu-plural of|intwala}}
Zulu	izinwele	Noun	# {{zu-plural of|unwele}}
Zulu	izinyama	Noun	# {{zu-plural of|inyama}}
Zulu	izinyanga	Noun	# {{zu-plural of|inyanga}}
Zulu	izinyawo	Noun	# {{zu-plural of|unyawo}}
Zulu	izinyo	Noun	# [[tooth]]
Zulu	izinyoka	Noun	# {{zu-plural of|inyoka}}
Zulu	izinyoni	Noun	# {{zu-plural of|inyoni}}
Zulu	izinyosi	Noun	# {{zu-plural of|inyosi}}
Zulu	izinzipho	Noun	# {{zu-plural of|uzipho}}
Zulu	iziphawulo	Noun	# {{zu-plural of|isiphawulo}}
Zulu	izipho	Noun	# [[claw]]
Zulu	izisu	Noun	# {{zu-plural of|isisu}}
Zulu	izithelo	Noun	# {{zu-plural of|isithelo}}
Zulu	izulu	Noun	# [[sky]], [[heaven]]
Zulu	izulu	Noun	# [[weather]]
Zulu	jika	Verb	# {{context|transitive|lang=zu}} to [[hang]], to [[suspend]]
Zulu	jika	Verb	# {{context|intransitive|lang=zu}} to hang, to be suspended
Zulu	jika	Verb	# {{context|intransitive|lang=zu}} to [[dangle]]
Zulu	jika	Verb	# {{context|intransitive|lang=zu}} to [[turn]]
Zulu	ka-	Prefix	# {{zu-combining stem of|u-|(class 1)}}
Zulu	kahle	Interjection	# [[wait]] a moment, [[hold on]]
Zulu	kahle	Interjection	# {{context|with infinitive|lang=zu}} [[don't]]
Zulu	kahle	Adverb	# [[nicely]], [[well]], [[properly]]
Zulu	kahleni	Interjection	# [[wait]] a moment, [[hold on]]
Zulu	kahleni	Interjection	# {{context|with infinitive|lang=zu}} [[don't]]
Zulu	khe	Pronoun	# {{zu-combining stem of|yena|used with possessive concords}}
Zulu	kho	Pronoun	# {{zu-combining stem of|wena|used with possessive concords}}
Zulu	kho	Pronoun	# {{zu-combining stem of|khona}}
Zulu	khona	Pronoun	# [[it]] {{gloss|class 15, class 17}}
Zulu	khona	Adverb	# [[there]], [[present]] {{gloss|unspecific, non-[[deictic]]}}
Zulu	khulu	Adjective	# [[big]], [[large]]
Zulu	khulu	Adjective	# [[main]], most [[important]]
Zulu	klwebha	Verb	# {{context|transitive|lang=zu}} to [[scratch]], to [[cut]] open the skin of (by scratching)
Zulu	ku-	Prefix	# {{form of|Basic (augmentless) form|uku-|lang=zu}}
Zulu	ku-	Prefix	# [[it]] {{gloss|class 15, class 17}}
Zulu	ku-	Prefix	# [[you]] {{gloss|singular}}, [[thee]]
Zulu	ku-	Prefix	# [[it]] {{gloss|class 15, class 17}}
Zulu	kwa-	Prefix	# [[of]] {{gloss|class 15, class 17}}
Zulu	kwa-	Preposition	# [[at]]/[[to]]/[[from]] the [[home]]/[[place]] of
Zulu	la	Determiner	# [[these]] {{gloss|class 6}}
Zulu	la-	Prefix	# [[of]] {{gloss|class 5}}
Zulu	laba	Determiner	# [[these]] {{gloss|class 2}}
Zulu	labaya	Determiner	# [[those]] [[over there]], [[yonder]] {{gloss|class 2}}
Zulu	labo	Determiner	# [[those]] {{gloss|class 2}}
Zulu	lala	Verb	# {{context|intransitive|lang=zu}} to [[rest]] (by lying down)
Zulu	lala	Verb	# {{context|intransitive|lang=zu}} to [[sleep]]
Zulu	lala	Verb	# {{context|intransitive|lang=zu}} to [[stay]] (for the night)
Zulu	lala	Verb	# {{context|intransitive|lang=zu}} to [[have sex]]
Zulu	lapha	Adverb	# [[here]] {{gloss|near the speaker}}
Zulu	laphaya	Adverb	# [[over there]], [[yonder]] {{gloss|near neither speaker nor listener}}
Zulu	lapho	Adverb	# [[there]] {{gloss|near the listener}}
Zulu	lawaya	Determiner	# [[those]] [[over there]], [[yonder]] {{gloss|class 6}}
Zulu	lawo	Determiner	# [[those]] {{gloss|class 6}}
Zulu	le	Determiner	# [[these]] {{gloss|class 4}}
Zulu	le	Determiner	# [[this]] {{gloss|class 9}}
Zulu	leli	Determiner	# [[this]] {{gloss|class 5}}
Zulu	leliya	Determiner	# [[that]] [[over there]], [[yonder]] {{gloss|class 5}}
Zulu	lelo	Determiner	# [[that]] {{gloss|class 5}}
Zulu	lesi	Determiner	# [[this]] {{gloss|class 7}}
Zulu	lesiya	Determiner	# [[that]] [[over there]], [[yonder]] {{gloss|class 7}}
Zulu	leso	Determiner	# [[that]] {{gloss|class 7}}
Zulu	leyaya	Determiner	# [[those]] [[over there]], [[yonder]] {{gloss|class 4}}
Zulu	leyaya	Determiner	# [[that]] [[over there]], [[yonder]] {{gloss|class 9}}
Zulu	leyo	Determiner	# [[those]] {{gloss|class 4}}
Zulu	leyo	Determiner	# [[that]] {{gloss|class 9}}
Zulu	lezi	Determiner	# [[these]] {{gloss|class 8, class 10}}
Zulu	leziya	Determiner	# [[those]] [[over there]], [[yonder]] {{gloss|class 8, class 10}}
Zulu	lezo	Determiner	# [[those]] {{gloss|class 8, class 10}}
Zulu	li-	Prefix	# {{form of|Basic (augmentless) form|i-|lang=zu}}
Zulu	li-	Prefix	# {{form of|Basic (augmentless) form|ili-|lang=zu}}
Zulu	li-	Prefix	# [[he]], [[she]], [[it]] {{gloss|class 5}}
Zulu	li-	Prefix	# [[him]], [[her]], [[it]] {{gloss|class 5}}
Zulu	lingisa	Verb	# {{context|transitive|lang=zu}} to [[imitate]], to [[mimic]], to [[copy]]
Zulu	lo	Pronoun	# {{zu-combining stem of|lona}}
Zulu	lo	Determiner	# [[this]] {{gloss|class 1, class 3}}
Zulu	lobo	Determiner	# [[that]] {{gloss|class 14}}
Zulu	lobola	Verb	# {{context|intransitive|lang=zu}} to [[pay]] [[dowry]]
Zulu	lobu	Determiner	# [[this]] {{gloss|class 14}}
Zulu	lobuya	Determiner	# [[that]] [[over there]], [[yonder]] {{gloss|class 14}}
Zulu	lokho	Determiner	# [[that]] {{gloss|class 15, class 17}}
Zulu	lokhu	Determiner	# [[this]] {{gloss|class 15, class 17}}
Zulu	lokhuya	Determiner	# [[that]] [[over there]], [[yonder]] {{gloss|class 15, class 17}}
Zulu	lolo	Determiner	# [[that]] {{gloss|class 11}}
Zulu	lolu	Determiner	# [[this]] {{gloss|class 11}}
Zulu	loluya	Determiner	# [[that]] [[over there]], [[yonder]] {{gloss|class 11}}
Zulu	lona	Pronoun	# [[he]], [[she]], [[him]], [[her]], [[it]] {{gloss|class 5, class 11}}
Zulu	lowaya	Determiner	# [[that]] [[over there]], [[yonder]] {{gloss|class 1, class 3}}
Zulu	lowo	Determiner	# [[that]] {{gloss|class 1, class 3}}
Zulu	lu-	Prefix	# {{form of|Basic (augmentless) form|u-|lang=zu}}
Zulu	lu-	Prefix	# {{form of|Basic (augmentless) form|ulu-|lang=zu}}
Zulu	lu-	Prefix	# [[he]], [[she]], [[it]] {{gloss|class 11}}
Zulu	lu-	Prefix	# [[him]], [[her]], [[it]] {{gloss|class 11}}
Zulu	lula	Relative	# [[light]] {{gloss|weighing little}}
Zulu	lula	Relative	# [[easy]]
Zulu	luma	Verb	# {{context|transitive|and|intransitive|lang=zu}} to [[bite]]
Zulu	lwa	Verb	# {{context|intransitive|lang=zu}} to [[fight]], to [[struggle]]
Zulu	lwa-	Prefix	# [[of]] {{gloss|class 11}}
Zulu	m-	Prefix	# {{form of|Basic (augmentless) form|um-|lang=zu}}
Zulu	m-	Prefix	# {{form of|Basic (augmentless) form|im-|lang=zu}}
Zulu	m-	Prefix	# [[him]], [[her]], [[it]] {{gloss|class 1}}
Zulu	ma	Verb	# {{context|intransitive|lang=zu}} to [[stand]], to be standing
Zulu	ma	Verb	# {{context|intransitive|lang=zu}} to stand [[still]], to not [[move]]
Zulu	ma	Verb	# {{context|intransitive|lang=zu}} to [[stop]], to come to a [[standstill]], to [[halt]]
Zulu	ma-	Prefix	# {{form of|Basic (augmentless) form|ama-|lang=zu}}
Zulu	mba	Verb	# {{context|intransitive|lang=zu}} to [[dig]]
Zulu	mba	Verb	# {{context|transitive|lang=zu}} to [[dig up]], [[unearth]], [[excavate]]
Zulu	mi	Pronoun	# {{zu-combining stem of|mina}}
Zulu	mi-	Prefix	# {{form of|Basic (augmentless) form|imi-|lang=zu}}
Zulu	mina	Pronoun	# [[I]], [[me]]
Zulu	mu-	Prefix	# {{form of|Basic (augmentless) form|umu-|lang=zu}}
Zulu	mu-	Prefix	# [[him]], [[her]], [[it]] {{gloss|class 1}}
Zulu	munca	Verb	# {{context|intransitive|lang=zu}} to [[suck]]
Zulu	munca	Verb	# {{context|transitive|lang=zu}} to [[suck up]], to [[absorb]]
Zulu	munya	Verb	# {{context|intransitive|lang=zu}} to [[suck]]
Zulu	munya	Verb	# {{context|transitive|lang=zu}} to [[suck up]], to [[absorb]]
Zulu	musa	Interjection	# {{context|with infinitive|lang=zu}} [[don't]]
Zulu	musani	Interjection	# {{context|with infinitive|lang=zu}} [[don't]]
Zulu	n-	Prefix	# {{form of|Basic (augmentless) form|in-|lang=zu}}
Zulu	na	Particle	# {{non-gloss definition|Interrogative particle; indicates a yes-no question. Placed at the end of the sentence.}}
Zulu	ncane	Adjective	# [[small]], [[little]]
Zulu	ncane	Adjective	# [[young]]
Zulu	ncane	Adjective	# [[minor]], [[insignificant]]
Zulu	ncane	Adjective	# {{context|with a plural|lang=zu}} [[few]]
Zulu	ncela	Verb	# {{context|intransitive|lang=zu}} to [[suck]]
Zulu	ndiza	Verb	# {{context|intransitive|lang=zu}} to [[fly]]
Zulu	ngi-	Prefix	# [[I]]
Zulu	ngi-	Prefix	# [[me]]
Zulu	ngikhona	Interjection	# [[I'm fine]] {{gloss|in response to a greeting}}
Zulu	ngiyabonga	Interjection	# [[thank you]]
Zulu	ngiyaphila	Interjection	# I'm [[well]], [[I'm fine]]
Zulu	ni	Pronoun	# {{zu-combining stem of|nina}}
Zulu	ni-	Prefix	# [[you]] {{gloss|plural}}, you all
Zulu	ni-	Prefix	# [[you]] {{gloss|plural}}, you all
Zulu	nika	Verb	# {{context|transitive|lang=zu}} to [[give]]
Zulu	nika	Verb	# {{context|transitive|lang=zu}} to [[hand]], to [[hand over]]
Zulu	nika	Verb	# {{context|transitive|lang=zu}} to [[offer]]
Zulu	nika	Verb	# {{context|transitive|lang=zu}} to [[grant]]
Zulu	nina	Pronoun	# [[you]] {{gloss|plural}}, you all
Zulu	nquma	Verb	# {{context|transitive|lang=zu}} to [[cut off]], to [[sever]], to [[amputate]]
Zulu	nquma	Verb	# {{context|transitive|lang=zu}} to [[decide]]
Zulu	nuka	Verb	# {{context|intransitive|lang=zu}} to [[smell]] {{gloss|have a particular odour}}
Zulu	nuka	Verb	# {{context|transitive|lang=zu}} to [[smell]] {{gloss|detect the odour of}}
Zulu	nzima	Relative	# [[heavy]]
Zulu	nzima	Relative	# [[difficult]]
Zulu	nzima	Relative	# [[serious]], [[severe]], [[bad]]
Zulu	o-	Prefix	# {{non-gloss definition|Class 2a noun prefix.}}
Zulu	o-	Prefix	# {{non-gloss definition|Second-person singular relative concord.}}
Zulu	o-	Prefix	# {{non-gloss definition|Class 1 and 3 relative concord.}}
Zulu	o-ayisikhilimu	Noun	# {{zu-plural of|u-ayisikhilimu}}
Zulu	oLwesibili	Noun	# {{zu-plural of|uLwesibili}}
Zulu	oLwesihlanu	Noun	# {{zu-plural of|uLwesihlanu}}
Zulu	oLwesine	Noun	# {{zu-plural of|uLwesine}}
Zulu	oLwesithathu	Noun	# {{zu-plural of|uLwesithathu}}
Zulu	obaba	Noun	# {{zu-plural of|ubaba}}
Zulu	obani	Noun	# {{zu-plural of|ubani}}
Zulu	obu-	Prefix	# {{non-gloss definition|Class 14 adjective concord.}}
Zulu	obu-	Prefix	# {{non-gloss definition|Class 14 relative concord.}}
Zulu	ofishi	Noun	# {{zu-plural of|ufishi}}
Zulu	okhweshe	Noun	# {{zu-plural of|ukhweshe}}
Zulu	oku-	Prefix	# {{non-gloss definition|Class 15 and 17 adjective concord.}}
Zulu	oku-	Prefix	# {{non-gloss definition|Class 15 and 17 relative concord.}}
Zulu	olu-	Prefix	# {{non-gloss definition|Class 11 adjective concord.}}
Zulu	olu-	Prefix	# {{non-gloss definition|Class 11 relative concord.}}
Zulu	om-	Prefix	# {{non-gloss definition|Second-person singular adjective concord.}}
Zulu	om-	Prefix	# {{non-gloss definition|Class 1 and 3 adjective concord.}}
Zulu	omama	Noun	# {{zu-plural of|umama}}
Zulu	omame	Noun	# {{zu-plural of|umame}}
Zulu	omka	Noun	# {{zu-plural of|umka}}
Zulu	omu-	Prefix	# {{non-gloss definition|Second-person singular adjective concord.}}
Zulu	omu-	Prefix	# {{non-gloss definition|Class 1 and 3 adjective concord.}}
Zulu	onina	Noun	# {{zu-plural of|unina}}
Zulu	onyoko	Noun	# {{zu-plural of|unyoko}}
Zulu	oyihlo	Noun	# {{zu-plural of|uyihlo}}
Zulu	oyise	Noun	# {{zu-plural of|uyise}}
Zulu	phalaza	Verb	# {{context|intransitive|lang=zu}} to [[vomit]], to [[throw up]]
Zulu	phefumula	Verb	# {{context|intransitive|lang=zu}} to [[breathe]]
Zulu	phenduka	Verb	# {{context|transitive|and|intransitive|lang=zu}} to [[turn]], to turn around
Zulu	phenduka	Verb	# {{context|transitive|and|intransitive|lang=zu}} to [[turn]] in circles, to [[spin]], to [[revolve]]
Zulu	phenduka	Verb	# {{context|transitive|and|intransitive|lang=zu}} to [[change]], to [[alter]]
Zulu	phila	Verb	# {{context|intransitive|lang=zu}} to be [[well]], to be [[healthy]]
Zulu	phila	Verb	# {{context|intransitive|lang=zu}} to [[live]], to be [[alive]]
Zulu	phimisa	Verb	# {{context|transitive|lang=zu}} to [[spit]] [[out]]
Zulu	phimisa	Verb	# {{context|transitive|lang=zu}} to [[pronounce]], to [[utter]]
Zulu	phuza	Verb	# {{context|transitive|and|intransitive|lang=zu}} to [[drink]]
Zulu	sa-	Prefix	# [[of]] {{gloss|class 7}}
Zulu	saba	Verb	# {{context|transitive|lang=zu}} to [[fear]], to be [[afraid]]/[[scared]] of
Zulu	saba	Verb	# {{context|intransitive|lang=zu}} to be [[afraid]]/[[scared]]/[[frightened]]
Zulu	saba	Verb	# {{context|transitive|lang=zu}} to [[respect]], to have respect for
Zulu	sanibona	Interjection	# [[hello]] (to multiple people)
Zulu	sanibona	Interjection	# [[good day]] {{gloss|[[good morning]], [[good afternoon]], [[good evening]]}}
Zulu	sawubona	Interjection	# [[hello]] (to one person)
Zulu	sawubona	Interjection	# [[good day]] {{gloss|[[good morning]], [[good afternoon]], [[good evening]]}}
Zulu	shaya	Verb	# {{context|transitive|lang=zu}} to [[hit]], to [[strike]], to [[beat]]
Zulu	shaya	Verb	# {{context|transitive|lang=zu}} to [[punish]]
Zulu	shaya	Verb	# {{context|transitive|lang=zu}} to [[sentence]]
Zulu	shaya	Verb	# {{context|transitive|lang=zu}} to [[play]] (a [[percussion]] instrument)
Zulu	si-	Prefix	# {{form of|Basic (augmentless) form|isi-|lang=zu}}
Zulu	si-	Prefix	# [[we]]
Zulu	si-	Prefix	# [[he]], [[she]], [[it]] {{gloss|class 7}}
Zulu	si-	Prefix	# [[us]]
Zulu	si-	Prefix	# [[him]], [[her]], [[it]] {{gloss|class 7}}
Zulu	sika	Verb	# {{context|transitive|lang=zu}} to [[cut]]
Zulu	sika	Verb	# {{context|transitive|lang=zu}} to [[imitate]], to [[mimic]]
Zulu	so	Pronoun	# {{zu-combining stem of|lona}}
Zulu	sona	Pronoun	# [[he]], [[she]], [[him]], [[her]], [[it]] {{gloss|class 7}}
Zulu	sukuma	Verb	# {{context|intransitive|lang=zu}} to [[stand up]], to [[get up]], to [[rise]]
Zulu	thi	Pronoun	# {{zu-combining stem of|thina}}
Zulu	thina	Pronoun	# [[we]], [[us]]
Zulu	tsh-	Prefix	# {{form of|Basic (augmentless) form|utsh-|lang=zu}}
Zulu	tshw-	Prefix	# {{form of|Basic (augmentless) form|utshw-|lang=zu}}
Zulu	u-	Prefix	# [[you]] {{gloss|singular}}, [[thou]]
Zulu	u-	Prefix	# [[he]], [[she]], [[it]] {{gloss|class 3}}
Zulu	u-	Prefix	# {{non-gloss definition|Class 1a noun prefix.}}
Zulu	u-	Prefix	# [[he]], [[she]], [[it]] {{gloss|class 1}}
Zulu	u-	Prefix	# {{non-gloss definition|Class 11 noun prefix.}}
Zulu	u-ayisikhilimu	Noun	# [[ice cream]]
Zulu	uLwesibili	Noun	# [[Tuesday]]
Zulu	uLwesihlanu	Noun	# [[Friday]]
Zulu	uLwesine	Noun	# [[Thursday]]
Zulu	uLwesithathu	Noun	# [[Wednesday]]
Zulu	uMgqibelo	Noun	# [[Saturday]]
Zulu	uMhlaba	Noun	# [[Earth]] {{gloss|planet}}
Zulu	uMsombuluko	Noun	# [[Monday]]
Zulu	ubaba	Noun	# [[my]] [[father]]
Zulu	ubani	Noun	# [[who]] is (it)?
Zulu	ubu-	Prefix	# {{non-gloss definition|Class 14 noun prefix.}}
Zulu	ubude	Noun	# [[length]]
Zulu	ubude	Noun	# [[distance]]
Zulu	ubude	Noun	# [[height]]
Zulu	ubude	Noun	# [[depth]]
Zulu	ubudoda	Noun	# [[manhood]], [[manliness]], [[masculinity]]
Zulu	ubukhulu	Noun	# [[size]]
Zulu	ubukhulu	Noun	# [[importance]]
Zulu	ubuncane	Noun	# [[smallness]]
Zulu	ubuntu	Noun	# [[humanity]], the [[human]] race
Zulu	ubuntu	Noun	# [[humaneness]], [[solidarity]]
Zulu	ubuntwana	Noun	# [[childhood]]
Zulu	ubuso	Noun	# [[face]]
Zulu	ubuso	Noun	# [[front]]
Zulu	ubusuku	Noun	# [[night]]
Zulu	ubuthi	Noun	# [[poison]] {{gloss|from a bush or tree}}
Zulu	udaba	Noun	# [[important]] [[matter]], [[serious]] [[issue]]
Zulu	ufishi	Noun	# [[fish]]
Zulu	uhlamvu	Noun	# [[uttering]], single [[saying]] {{gloss|syllable, word, phrase etc.}}
Zulu	uhlamvu	Noun	# [[coin]]
Zulu	uhlamvu	Noun	# [[berry]], [[pip]], [[seed]] {{gloss|in a fruit}}
Zulu	ukhozi	Noun	# [[eagle]]
Zulu	ukhweshe	Noun	# [[palm]] {{gloss|of the hand}}
Zulu	ukhweshe	Noun	# [[handful]]
Zulu	uku-	Prefix	# {{non-gloss definition|Class 15 and 17 noun prefix.}}
Zulu	ukunto	Noun	# [[something]]
Zulu	ukunto	Noun	# [[plaything]], [[pet]]
Zulu	ukwindla	Noun	# [[autumn]], [[fall]]
Zulu	ulimi	Noun	# [[tongue]]
Zulu	ulimi	Noun	# [[language]]
Zulu	ulu-	Prefix	# {{context|archaic|lang=zu}} {{non-gloss definition|Class 11 noun prefix.}}
Zulu	ulwandle	Noun	# [[sea]], [[ocean]]
Zulu	um-	Prefix	# {{non-gloss definition|Class 1 and 3 noun prefix.}}
Zulu	umSuthu	Noun	# a [[Sotho]]
Zulu	umThembu	Noun	# a [[Thembu]]
Zulu	umZulu	Noun	# a [[Zulu]]
Zulu	umama	Noun	# [[my]] [[mother]]
Zulu	umame	Noun	# {{alternative form of|umama|lang=zu}}
Zulu	umenzi	Noun	# [[doer]], someone who [[do|does]] or [[act|acts]]
Zulu	umenzi	Noun	# [[maker]], [[creator]]
Zulu	umenzi	Noun	# {{context|grammar|lang=zu}} [[subject]]
Zulu	umfana	Noun	# [[boy]]
Zulu	umfana	Noun	# young [[man]]
Zulu	umfazi	Noun	# [[woman]]
Zulu	umfula	Noun	# [[river]]
Zulu	umgwaqana	Noun	# [[small]] [[road]]
Zulu	umgwaqo	Noun	# [[road]]
Zulu	umhlaba	Noun	# [[earth]], [[world]]
Zulu	umhlane	Noun	# [[back]] {{gloss|part of the body}}
Zulu	umka	Noun	# {{context|+possessive suffix or noun without initial vowel|lang=zu}} [[wife]] of
Zulu	umlenze	Noun	# [[leg]]
Zulu	umlilo	Noun	# [[fire]]
Zulu	umlisa	Noun	# [[man]], [[male]]
Zulu	umlomo	Noun	# [[mouth]]
Zulu	umlotha	Noun	# [[ash]]
Zulu	umlungu	Noun	# [[white]] person
Zulu	umntwana	Noun	# [[child]]
Zulu	umoya	Noun	# [[air]]
Zulu	umoya	Noun	# [[wind]]
Zulu	umoya	Noun	# [[spirit]], [[soul]]
Zulu	umsila	Noun	# [[tail]]
Zulu	umsuka	Noun	# [[root]], [[origin]]
Zulu	umsuka	Noun	# {{context|anatomy|lang=zu}} [[root]] {{gloss|of a tooth}}
Zulu	umsuka	Noun	# {{context|grammar|lang=zu}} [[root]] {{gloss|of a word}}
Zulu	umsuka	Noun	# [[cause]], [[reason]]
Zulu	umsundu	Noun	# [[earthworm]]
Zulu	umu-	Prefix	# {{non-gloss definition|Class 1 and 3 noun prefix.}}
Zulu	umuThwa	Noun	# a [[Bushman]], [[San]], [[Basarwa]]
Zulu	umuhla	Noun	# [[day]] {{gloss|period of time}}
Zulu	umumba	Noun	# [[dowry]] [[animal]]
Zulu	umunca	Noun	# [[suction]]
Zulu	umuntu	Noun	# [[person]], [[human]]
Zulu	umuntu ngumuntu ngabantu	Phrase	# a [[person]] is a [[person]] through/because of (other) [[people]]; you are who you are because of how you relate to others around you
Zulu	umuthi	Noun	# [[tree]]
Zulu	umuthi	Noun	# [[wood]]
Zulu	umuthi	Noun	# [[medicine]]
Zulu	umyeni	Noun	# [[husband]]
Zulu	unina	Noun	# [[his]] or [[her]] [[mother]]
Zulu	unwele	Noun	# a [[hair]]
Zulu	unyaka	Noun	# [[year]]
Zulu	unyawo	Noun	# [[foot]]
Zulu	unyawo	Noun	# [[footprint]]
Zulu	unyoko	Noun	# [[your]] [[mother]]
Zulu	uphaphe	Noun	# [[feather]]
Zulu	uphethiloli	Noun	# [[petrol]], [[gasoline]]
Zulu	uphethilolo	Noun	# {{alternative form of|uphethiloli|lang=zu}}
Zulu	uphondo	Noun	# [[horn]] {{gloss|of an animal}}
Zulu	uphondo	Noun	# [[horn]] {{gloss|material}}
Zulu	usana	Noun	# [[baby]]
Zulu	usawoti	Noun	# [[salt]]
Zulu	usuku	Noun	# [[day]] {{gloss|period of time}}
Zulu	uthi	Noun	# [[stick]]
Zulu	uthi	Noun	# [[goal post]]
Zulu	uthuli	Noun	# [[dust]]
Zulu	utsh-	Prefix	# {{non-gloss definition|Class 14 noun prefix.}}
Zulu	utshani	Noun	# [[grass]]
Zulu	utshw-	Prefix	# {{non-gloss definition|Class 14 noun prefix.}}
Zulu	uyihlo	Noun	# [[your]] [[father]]
Zulu	uyise	Noun	# [[his]] or [[her]] [[father]]
Zulu	uzipho	Noun	# [[nail]] {{gloss|[[fingernail]], [[toenail]]}}
Zulu	vunguza	Verb	# {{context|intransitive|of wind|lang=zu}} to [[blow]]
Zulu	wa	Verb	# {{context|intransitive|lang=zu}} to [[fall]], to [[drop]]
Zulu	wa-	Prefix	# {{zu-combining stem of|a-|(class 6)}}
Zulu	wa-	Prefix	# [[them]] {{gloss|class 6}}
Zulu	wa-	Prefix	# [[of]] {{gloss|class 1, class 3}}
Zulu	we	Pronoun	# {{zu-combining stem of|wena}}
Zulu	wena	Pronoun	# [[you]] {{gloss|singular}}, [[thou]], [[thee]]
Zulu	wo	Pronoun	# {{zu-combining stem of|wona}}
Zulu	wona	Pronoun	# [[he]], [[she]], [[him]], [[her]], [[it]] {{gloss|class 3}}
Zulu	wona	Pronoun	# [[they]], [[them]] {{gloss|class 6}}
Zulu	wu-	Prefix	# {{zu-combining stem of|u-|(second-person singular, class 3)}}
Zulu	wu-	Prefix	# [[him]], [[her]], [[it]] {{gloss|class 3}}
Zulu	ya-	Prefix	# [[of]] {{gloss|class 4, class 9}}
Zulu	ye	Pronoun	# {{zu-combining stem of|yena}}
Zulu	yebo	Adverb	# [[yes]]
Zulu	yena	Pronoun	# [[he]], [[she]], [[him]], [[her]], [[it]] {{gloss|class 1}}
Zulu	yi-	Prefix	# {{zu-combining stem of|i-|(class 4, class 9)}}
Zulu	yi-	Prefix	# [[them]] {{gloss|class 4, class 9}}
Zulu	yo	Pronoun	# {{zu-combining stem of|yona}}
Zulu	yona	Pronoun	# [[they]], [[them]] {{gloss|class 4}}
Zulu	yona	Pronoun	# [[he]], [[she]], [[him]], [[her]], [[it]] {{gloss|class 9}}
Zulu	za	Verb	# {{context|intransitive|lang=zu}} to [[come]]
Zulu	za-	Prefix	# [[of]] {{gloss|class 8, class 10}}
Zulu	zi-	Prefix	# {{form of|Basic (augmentless) form|izi-|lang=zu}}
Zulu	zi-	Prefix	# [[they]] {{gloss|class 8, class 10}}
Zulu	zi-	Prefix	# [[them]] {{gloss|class 8, class 10}}
Zulu	zim-	Prefix	# {{form of|Basic (augmentless) form|izim-|lang=zu}}
Zulu	zin-	Prefix	# {{form of|Basic (augmentless) form|izin-|lang=zu}}
Zulu	zingela	Verb	# {{context|transitive|lang=zu}} to [[hunt]]
Zulu	zingela	Verb	# {{context|transitive|lang=zu}} to [[pursue]]
Zulu	zo	Pronoun	# {{zu-combining stem of|zona}}
Zulu	zona	Pronoun	# [[they]], [[them]] {{gloss|class 8, class 10}}
Zulu	zwa	Verb	# {{context|intransitive|lang=zu}} to [[hear]], to [[listen]]
Zulu	zwa	Verb	# {{context|transitive|lang=zu}} to [[hear]], to [[perceive]]
Zulu	zwa	Verb	# {{context|transitive|lang=zu}} to [[understand]], to be able to [[make out]] (what someone says)
Zulu	zwa	Verb	# {{context|transitive|lang=zu}} to [[listen]] to, to [[obey]]
Zulu	zwa	Verb	# {{context|transitive|lang=zu}} to [[sense]]; to [[feel]], to [[hear]], to [[taste]]
Zulu	zwa	Verb	# {{context|intransitive|lang=zu}} to [[feel]] (a certain way)
Zulu	zwa	Verb	# {{context|intransitive|lang=zu}} to [[live]], to be [[alive]]
